repo,avgIssueLatency,nLinksOfProject,propOfWithinEcoLinks,propOfCrossEcoLinks
18F/C2,98.22220909,286,0.06993007,0.041958042
18F/e-manifest,5.64548,42,0.047619048,0.047619048
18F/micropurchase,19.94205766,672,0.010416667,0.044642857
18F/myusa,49.87533803,675,0.005925926,0.038518519
19wu/19wu,14.82596552,482,0.006224066,0.010373444
aasm/aasm,126.1255487,150,0.066666667,0.02
abbot/go-http-auth,2.2289,4,0.25,0
activate/ActivateHub,150.501125,21,0.095238095,0
activeadmin/activeadmin,114.6933145,5100,0.060196078,0.010784314
activeadmin/arbre,57.83088333,43,0.534883721,0.023255814
activebridge/multitenant-mysql,4.8418,5,0.2,0
activemerchant/active_merchant,44.77648358,861,0.012775842,0.026713124
activerecord-hackery/ransack,181.8436116,321,0.180685358,0.065420561
activerecord-hackery/squeel,103.5479044,224,0.160714286,0.013392857
activescaffold/active_scaffold,58.354876,49,0.265306122,0.020408163
adzap/validates_timeliness,312.5332111,40,0.1,0.025
aeolus-incubator/dev-tools,44.52687143,34,0.058823529,0.029411765
aeolusproject/conductor,17.74218,135,0.014814815,0.037037037
afair/postgresql_cursor,14.9865,6,0.333333333,0
afeld/html_pipeline_rails,1.8786,4,0.5,0
afeld/tricle,85.38204,52,0.115384615,0.096153846
AFNetworking/AFNetworking,23.52948309,1473,0.016293279,0.030549898
ageweke/fortitude,168.3123733,30,0.1,0.133333333
agileseason/agileseason,33.24596667,157,0.006369427,0.012738854
AgilionApps/classy_enum,98.3048,11,0.090909091,0.545454545
agoragames/stache,108.7966,9,0.111111111,0.111111111
AI-comp/wpcs,11.85285769,106,0.009433962,0.018867925
airblade/paper_trail,101.9324381,616,0.112012987,0.021103896
airbrake/airbrake,137.0578625,253,0.090909091,0.071146245
ajacques/CertManager,230.8394,2,1,0
Ajaxy/VentureDB,2.5623,16,0.0625,0.25
ajf8/mcomaster,8.7228,8,0.25,0
a-know/a-know-home-rails,6.55010357,80,0.0125,0.075
akshatpradhan/spoutlets,38.9487,21,0.285714286,0.095238095
alabs/oigame,51.6839125,21,0.095238095,0.047619048
AlchemyCMS/alchemy_cms,96.15961525,303,0.03630363,0.095709571
alexreisner/geocoder,120.5504174,360,0.030555556,0.019444444
alphagov/e-petitions,60.24337143,92,0.054347826,0
alphagov/frontend,1.98305,279,0.362007168,0.250896057
alphagov/gds-sso,58.12865,27,0.074074074,0.259259259
alphagov/packager,0.7167,22,0.227272727,0.045454545
alphagov/publishing-api,8.1717,125,0.184,0.184
alphagov/smart-answers,65.79683333,883,0.041902605,0.037372593
alphagov/static,2.97915,247,0.315789474,0.303643725
alphagov/trade-tariff-backend,225.1334,28,0.071428571,0.25
alphagov/verify-frontend,108.9028,20,0.25,0.3
alphagov/whitehall,32.349475,463,0.161987041,0.153347732
amatsuda/active_decorator,497.3428,19,0.157894737,0
amatsuda/kaminari,195.5343376,393,0.160305344,0.027989822
amerine/acts_as_tree,0.2419,16,0.3125,0
amoeba-rb/amoeba,67.925025,11,0.181818182,0.272727273
andersondias/sidekiq_mailer,239.29115,4,0.25,0.25
anjlab/bootstrap-rails,0.82635,17,0.588235294,0.117647059
ankane/ahoy,93.748875,61,0.163934426,0.049180328
ankane/ahoy_email,166.7327,18,0.222222222,0
ankane/blazer,44.8391,20,0.15,0
ankane/groupdate,151.4687563,37,0.054054054,0.027027027
ankane/pghero,71.02654286,15,0.066666667,0.133333333
ankane/searchkick,144.5628048,154,0.045454545,0.071428571
anlek/mongify,76.3848,16,0.125,0.0625
apneadiving/Google-Maps-for-Rails,66.118116,43,0.162790698,0.069767442
apotonick/cells,83.92111154,91,0.087912088,0.175824176
apotonick/disposable,25.90315,15,0.333333333,0
apotonick/reform,179.1212653,128,0.09375,0.0859375
apotonick/representable,67.27782222,39,0.076923077,0.076923077
apotonick/roar-rails,80.57173333,40,0.225,0.1
appacademy/dotfiles,7.5254,2,1,0
appfolio/ae_page_objects,187.5230636,67,0.029850746,0.014925373
AppFolioOnboarding/image-sharer-lightbright,5.63356667,43,0.023255814,0
aptible/support,117.018375,47,0.085106383,0.021276596
aran19/myapp,0.0002,1,1,0
ari/jobsworth,51.37546857,69,0.130434783,0.043478261
ariya/phantomjs,285.8475956,2596,0.008859784,0.063174114
arthurnn/minitest-emacs,113.01235,8,0.125,0
artsy/garner,110.0016091,50,0.1,0.04
aserafin/grape_logging,22.192025,40,0.475,0
assaf/vanity,302.5171409,168,0.017857143,0.041666667
AssetSync/asset_sync,56.9651675,241,0.053941909,0.070539419
atmos/camo,158.147025,27,0.074074074,0.037037037
att-cloud/daylight,4.03372,13,0.307692308,0
attr-encrypted/attr_encrypted,324.6037192,137,0.094890511,0.116788321
authorly/interapptive-web,31.70352238,395,0.015189873,0.202531646
authy/authy-devise,307.2393667,11,0.090909091,0
awesome/purdytest,839.271,1,1,0
aws/opsworks-cookbooks,82.70462727,69,0.043478261,0.130434783
backlogs/redmine_backlogs,36.052295,248,0.056451613,0.012096774
bai/facebox-rails,13.074,3,0.666666667,0
balexand/font_awesome,3.7527,5,0.8,0
banister/binding_of_caller,146.41045,16,0.4375,0
basecamp/mail_view,219.4654,38,0.315789474,0
basecamp/pow,159.6726887,350,0.042857143,0.071428571
basecamp/trix,8.18698696,149,0.006711409,0.073825503
batmanjs/batman-rails,26.0566,13,0.076923077,0.384615385
bbatsov/rails-style-guide,393.6037167,21,0.333333333,0.095238095
bbatsov/rubocop,42.50828211,1381,0.043446778,0.023895728
BCS-io/letting,0.011,2,1,0
beeminder/beeminder-gem,16.1167,7,0.285714286,0.285714286
bf4/code_metrics,76.0358,4,0.5,0.25
bigbinary/wheel,20.4277,8,0.125,0
bikeindex/bike_index,143.961485,58,0.017241379,0.034482759
binarylogic/authlogic,350.3823379,137,0.058394161,0.02189781
bkeepers/dotenv,88.116196,140,0.071428571,0.021428571
blowmage/minitest-rails,114.1526316,48,0.395833333,0
blowmage/minitest-rails-capybara,66.88416,11,0.363636364,0.090909091
bnorton/tap_if,0.3644,1,1,0
boazsegev/iodine,53.7429,5,1,0
bogdan/datagrid,18.09876667,36,0.194444444,0
bokmann/font-awesome-rails,24.81837576,73,0.219178082,0.136986301
bootstrap-ruby/rails-bootstrap-forms,35.00432174,104,0.067307692,0.163461538
bploetz/versionist,39.30325556,36,0.25,0.055555556
bradphelan/jasminerice,161.69921,21,0.047619048,0.142857143
bradphelan/rocket_tag,21.53926667,11,0.090909091,0
brainspec/enumerize,49.07330476,62,0.080645161,0.016129032
brandonhilkert/sucker_punch,8.03343077,51,0.274509804,0.019607843
BrandyMint/mashtime.ru,430.2521,13,0.076923077,0.153846154
brentd/xray-rails,87.19854286,27,0.074074074,0.037037037
brentm5/deploy-ninja,14.65075,9,0.111111111,0
brianfoshee/aquaponics-data,34.9685,22,0.045454545,0.181818182
brianmario/mysql2,130.1498509,459,0.106753813,0.039215686
brianmario/yajl-ruby,97.23275,28,0.25,0.178571429
brittlewis12/batman,14.1519,1,1,0
browsermedia/browsercms,266.5157467,54,0.037037037,0
BrowserSync/browser-sync,30.74641633,336,0.008928571,0.330357143
brynary/rack-test,153.2292333,58,0.137931034,0
bugsnag/bugsnag-ruby,65.39292273,100,0.09,0.02
bundler/bundler,128.5653686,4769,0.076955337,0.0387922
byroot/activerecord-typedstore,3.27833333,15,0.133333333,0
byroot/bootscale,0.5478,8,0.125,0
caelum/vraptor,162.4275192,73,0.02739726,0.164383562
cakephp/cakephp,47.14523318,4059,0.003202759,0.046563193
calagator/calagator,126.8337048,249,0.048192771,0.02811245
camertron/arel-helpers,7.41805,14,0.071428571,0.071428571
CanCanCommunity/cancancan,115.7929455,178,0.191011236,0.011235955
cantino/huginn,126.9639862,1038,0.044315992,0.032755299
capistrano/bundler,104.5365222,50,0.16,0.08
capistrano/capistrano,95.49164826,842,0.058194774,0.112826603
capistrano/rails,208.6650875,128,0.234375,0.0703125
carbonfive/raygun,141.0596615,31,0.129032258,0.225806452
carrierwaveuploader/carrierwave,52.50961509,1009,0.038652131,0.037661051
CartoDB/cartodb,43.43709421,5447,0.002386635,0.072700569
Casecommons/pg_search,240.757325,171,0.128654971,0.011695906
Casecommons/with_model,17.84482,8,0.75,0
caskroom/homebrew-cask,50.85830979,10030,0.091824526,0.197906281
cbeer/engine_cart,63.6566,12,0.333333333,0.083333333
ccocchi/libmemcached_store,305.3423,3,0.333333333,0.333333333
celluloid/celluloid,111.8023048,424,0.101415094,0.047169811
celluloid/nio4r,78.87886429,38,0.131578947,0.184210526
celluloid/reel,103.4760207,151,0.112582781,0.066225166
celsodantas/protokoll,12.700725,14,0.357142857,0
CenturyLinkLabs/panamax-api,10.62375,27,0.074074074,0.074074074
cequel/cequel,52.09082963,97,0.010309278,0.113402062
cerebris/jsonapi-resources,79.0267022,465,0.086021505,0.034408602
chancancode/activesupport-json_encoder,6.9994,1,1,0
chanks/que,40.22226897,77,0.272727273,0.038961039
charliesome/better_errors,60.98729524,116,0.120689655,0.025862069
charlotte-ruby/impressionist,116.6499778,42,0.214285714,0.023809524
chashmeetsingh/WebsocketSample,1.6462,1,1,0
chef/supermarket,86.86258,552,0.018115942,0.217391304
chriseppstein/compass,91.89130286,278,0.294964029,0.244604317
chrismccord/render_sync,244.6789,103,0.106796117,0.281553398
chrismo/clwiki,28.5615,2,1,0
churchio/onebody,67.89024384,201,0.034825871,0.014925373
civio/onodo,38.39798824,58,0.017241379,0.068965517
cldwalker/debugger,68.50821786,72,0.055555556,0.041666667
clear-code/sezemi-2015,2.35899231,65,0.092307692,0.815384615
CocoaPods/CocoaPods,61.34087982,3751,0.009597441,0.155158624
codahale/bcrypt-ruby,57.46726667,62,0.129032258,0.032258065
code-corps/deprecated-code-corps-rails-api,42.47494651,408,0.007352941,0.098039216
codefirst/AsakusaSatellite,59.72741667,18,0.111111111,0.111111111
codeforamerica/howto,24.7009,11,0.090909091,0.090909091
codeforamerica/ohana-api,102.2730347,116,0.086206897,0.275862069
codegram/date_validator,455.445,14,0.142857143,0
codegram/spinach,173.1715625,46,0.130434783,0.108695652
code-mancers/rapidfire,54.23053333,21,0.047619048,0
CodeMontageHQ/codemontage,125.1833971,225,0.017777778,0
codetriage/codetriage,64.85776957,200,0.12,0.025
codevise/pageflow,27.66942895,156,0.096153846,0.006410256
ColinDabritz/rails_lab_coat,4.5463,7,0.428571429,0
collectiveidea/acts_as_geocodable,55.8469,7,0.428571429,0.142857143
collectiveidea/audited,368.5621636,75,0.226666667,0.013333333
collectiveidea/awesome_nested_set,223.3127375,77,0.116883117,0.012987013
collectiveidea/delayed_job,379.9495275,222,0.13963964,0.063063063
collectiveidea/delayed_job_active_record,108.4023857,77,0.246753247,0
collectiveidea/fireside,0.13045,4,0.25,0
colszowka/simplecov,265.1842308,328,0.051829268,0.045731707
comfy/comfortable-mexican-sofa,70.07893214,140,0.2,0.057142857
Compass/compass-rails,137.5626929,166,0.28313253,0.06626506
composite-primary-keys/composite_primary_keys,91.25879167,142,0.126760563,0.126760563
concerto/concerto,101.9949861,431,0.023201856,0.05800464
connamara/logstash-filter-fix_protocol,4.6238375,34,0.029411765,0
Coursemology/coursemology2,65.99126789,877,0.05359179,0.01368301
cowbell/active_model-errors_details,66.645,5,0.6,0
cowboyd/libv8,104.7168915,138,0.253623188,0.079710145
cowboyd/therubyracer,174.9100236,188,0.319148936,0.058510638
crepe/crepe,28.79615,15,0.2,0
crewmate/crewmate,102.0662059,84,0.011904762,0.011904762
crowbar/barclamp-crowbar,0.0059,249,0.016064257,0.253012048
CS169-Raxa/raxa-visualizations,2.79364,30,0.033333333,0
csdn-dev/second_level_cache,93.19935,2,0.5,0
ctran/annotate_models,219.9309907,135,0.037037037,0.022222222
cucumber/cucumber-rails,149.4155815,103,0.252427184,0.087378641
cucumber/cucumber-ruby,177.1534106,546,0.06959707,0.097069597
CultivateLabs/storytime,14.37281818,34,0.235294118,0.058823529
customink/secondbase,1.8724,6,0.166666667,0
cyclestreets/cyclescape-chef,277.0395556,13,0.076923077,0.230769231
cypress-io/cypress,39.22855714,24,0.083333333,0.375
cypriss/mutations,123.2303,26,0.153846154,0
DamirSvrtan/fasterer,54.552975,10,0.7,0.1
danbartlett/opensit,82.71915625,48,0.083333333,0.020833333
data-axle/elastic_record,2.8593,2,0.5,0
DatabaseCleaner/database_cleaner,237.795195,185,0.097297297,0.221621622
datacite/omniauth-orcid,43.6776,4,0.25,0
DataTables/DataTables,62.0330434,133,0,0.30075188
davidcelis/inflections,2.23016667,7,0.285714286,0
DavyJonesLocker/client_side_validations,95.28786863,149,0.067114094,0.308724832
DavyJonesLocker/ember-appkit-rails,8.14377059,106,0.028301887,0.273584906
dcarral/atom-ruby-test-switcher,125.1363,3,0.333333333,0
d-cent/enquesta,0.0811,1,1,0
ddollar/foreman,181.5793953,241,0.082987552,0.041493776
DefactoSoftware/Hours,46.81496429,88,0.045454545,0
dejan/rails_panel,59.14344,41,0.219512195,0.097560976
delynn/userstamp,7.0721,5,0.2,0
denverfoundation/storybase,180.0457665,417,0.002398082,0.105515588
department-of-veterans-affairs/caseflow-efolder,30.10108621,121,0.016528926,0.049586777
department-of-veterans-affairs/SCIInterim,24.69142764,369,0.002710027,0.005420054
department-of-veterans-affairs/vets-api,18.93045556,100,0.05,0.09
devmynd/jsonb_accessor,292.1913889,20,0,0.1
dgraham/json-stream,0.1168,1,1,0
diaspora/diaspora,158.5686589,3744,0.017094017,0.021634615
diaspora/vines,42.66122222,40,0.125,0
diesel-rs/diesel,13.37827969,236,0.004237288,0.156779661
dimko/normalizr,27.1818,1,1,0
diogob/activerecord-postgres-hstore,72.10318571,27,0.222222222,0.037037037
diogob/carrierwave-postgresql,0.06345,4,0.25,0.25
dkubb/axiom,67.98611667,13,0.230769231,0.230769231
docker/compose,89.65144887,4224,0.088778409,0.113162879
docker/docker,81.49571335,29054,0.005610243,0.099676465
DockYard/ember-easy-form,166.8341969,119,0.025210084,0.445378151
DockYard/party_foul,30.46401,39,0.128205128,0.076923077
DockYard/postgres_ext,35.22541579,49,0.285714286,0.040816327
DockYard/postgres_ext-serializers,262.7231455,33,0.151515152,0.03030303
DockYard/ruby-destroyed_at,74.61946667,29,0.172413793,0
docrails-tw/guides,46.09172222,17,0.294117647,0
documentcloud/cloud-crowd,181.8669,8,0.375,0
documentcloud/documentcloud,148.98744,127,0.078740157,0.039370079
dolzenko/silent-postgres,0.7898,4,0.5,0
DonutWorks/Ari,11.56841212,286,0.003496503,0.01048951
doorkeeper-gem/doorkeeper,75.1177375,536,0.031716418,0.195895522
doubleunion/arooo,229.5560133,37,0.027027027,0.027027027
drapergem/draper,54.93515,356,0.109550562,0.016853933
drewblas/aws-ses,126.17725,10,0.2,0
drhenner/fit,0.39764,7,0.142857143,0
drhenner/ror_ecommerce,67.4458,14,0.428571429,0
dsaronin/milia,0.48025,8,0.125,0
duke-libraries/ddr-public,114.9068444,75,0.026666667,0.04
dwbutler/logstash-logger,102.3369462,59,0.033898305,0.033898305
e2/ruby_dep,4.83965,8,0.5,0
EDMC/api-versions,51.996325,9,0.222222222,0
education/teachers_pet,36.36355714,59,0.033898305,0.152542373
elabs/pundit,62.89355116,184,0.070652174,0
Elgg/Elgg,157.8612926,5869,0.000170387,0.016527517
elight/acts_as_commentable_with_threading,174.2542429,22,0.227272727,0
eliotsykes/rack-zippy,218.0726615,28,0.142857143,0.035714286
eliotsykes/rspec-rails-examples,128.0431231,33,0.212121212,0.03030303
elixir-ecto/postgrex,44.87799524,108,0.037037037,0.25
elixir-lang/plug,41.80057083,116,0.198275862,0.068965517
emberjs/website,83.55997163,665,0.003007519,0.306766917
emilioforrer/haml_coffee_assets,120.1428762,83,0.084337349,0.036144578
enriclluelles/route_translator,139.6767,65,0.076923077,0
epicodus/epicenter,57.3732,20,0.05,0
epnet/beerify,8.06224,18,0.055555556,0.055555556
Eric-Guo/wechat,93.77095294,35,0.057142857,0.142857143
erikhuda/thor,118.2631,146,0.150684932,0.130136986
ernie/polyamorous,51.7339,6,0.333333333,0.666666667
ErwinM/acts_as_tenant,76.7714,37,0.108108108,0.054054054
ets-berkeley-edu/calcentral,134.2931,953,0.004197272,0.008394544
evanphx/benchmark-ips,3.7062,24,0.125,0
eventmachine/eventmachine,481.9909337,335,0.032835821,0.068656716
evrone/quiet_assets,230.6737667,24,0.458333333,0.083333333
exercism/exercism.io,115.512476,1637,0.007330483,0.138668296
expressjs/express,54.64488287,910,0.007692308,0.481318681
fabrik42/acts_as_api,49.853075,16,0.0625,0
faradayio/hangar,0.0033,3,0.333333333,0
fatfreecrm/fat_free_crm,121.5760552,86,0.174418605,0.058139535
faye/faye,46.553822,117,0.094017094,0.196581197
faye/faye-websocket-ruby,29.6731,29,0.310344828,0.103448276
faye/websocket-driver-ruby,13.22963333,14,0.214285714,0.214285714
feedbin/feedbin-api,0.0725,1,1,0
fgrehm/letter_opener_web,128.0963,14,0.214285714,0.214285714
flavorjones/loofah,34.38852,43,0.511627907,0.069767442
flori/json,57.9159125,59,0.305084746,0.118644068
flyerhzm/bullet,54.59712857,61,0.163934426,0.081967213
flynn/flynn,60.88341639,1985,0.012594458,0.02115869
fnando/i18n-js,174.8772932,204,0.088235294,0.014705882
FooBarWidget/default_value_for,87.01257143,19,0.105263158,0
foodcoops/foodsoft,289.9017381,160,0.05,0.05
FortAwesome/font-awesome-sass,17.24175,40,0.15,0.025
fphilipe/premailer-rails,147.9602737,65,0.153846154,0.138461538
FreeRADIUS/freeradius-server,28.92525566,1114,0.000897666,0.00448833
freerange/mocha,55.13232917,169,0.189349112,0.01183432
FriendsOfSymfony/FOSRestBundle,125.9141873,896,0.0703125,0.058035714
fs/rails-base,77.01123462,160,0.10625,0.0625
fs/static-base,16.00853333,21,0.238095238,0.238095238
FundingCircle/shipment_tracker,1.0107,38,0.131578947,0
fw42/cubecomp,82.87446667,106,0.009433962,0
fxn/rails-contributors,0.0873,11,0.909090909,0
G5/storext,67.1579,9,0.444444444,0
galetahub/ckeditor,186.8251356,155,0.096774194,0.051612903
geddy/geddy,60.88791404,184,0.005434783,0.423913043
geekq/workflow,259.58597,61,0.049180328,0.032786885
gems-uff/sapos,90.65575152,63,0.111111111,0.015873016
getsentry/raven-ruby,136.5850595,292,0.061643836,0.058219178
GetStream/stream-rails,329.13544,11,0.090909091,0.090909091
gettalong/kramdown,102.9007535,105,0.057142857,0.142857143
gilest/mailer_fragment_caching,0.6985,2,0.5,0
gina-alaska/sandy-rails,16.434,18,0.055555556,0
ging/social_stream,29.80267778,54,0.074074074,0.222222222
github/choosealicense.com,152.9030238,418,0.002392344,0.083732057
github/markup,259.815864,295,0.088135593,0.183050847
gitlabhq/gitlab-ci,187.3933767,142,0.11971831,0.042253521
gitlabhq/gitlabhq,93.10983138,4049,0.025932329,0.044702396
glaszig/soundmanager-rails,14.46355,4,0.5,0.25
glebm/i18n-tasks,87.85958529,60,0.166666667,0.066666667
glejeune/Ruby-Graphviz,30.9851,20,0.15,0
glittergallery/GlitterGallery,109.7149922,220,0.004545455,0.013636364
globalize/globalize,173.2134804,270,0.111111111,0.033333333
gocardless/statesman,62.85255185,97,0.113402062,0.010309278
gocd/gocd,180.1924671,1289,0.006982157,0.046547711
godaddy/activerecord-delay_touching,33.9502,5,0.2,0
gonzalo-bulnes/simple_token_authentication,78.29065341,368,0.035326087,0.010869565
google/google-api-ruby-client,135.3297556,94,0.14893617,0.159574468
gottfrois/dashing-rails,47.2257125,25,0.12,0.08
Graylog2/gelf-rb,391.91895,20,0.1,0.1
gregawoods/spud_photos,0.2152,4,0.5,0.25
grosser/parallel_tests,119.5243065,128,0.171875,0.0546875
grosser/test_after_commit,4.1623,6,0.5,0
gsamokovarov/web-console,388.3238,3,1,0
guard/guard-minitest,114.94944,62,0.129032258,0.241935484
guard/listen,65.41466897,301,0.176079734,0.179401993
hacken-in/website,146.1271838,268,0.070895522,0.044776119
halogenandtoast/monban,11.70173333,11,0.272727273,0
haml/haml,154.55257,205,0.229268293,0.063414634
hanami/hanami,54.72513814,490,0.073469388,0.220408163
hanami/model,66.38601389,231,0.047619048,0.147186147
hanami/router,29.4648,57,0.122807018,0.298245614
hashrocket/decent_exposure,97.77687778,42,0.095238095,0.071428571
headius/jruby-pg,98.42541667,8,0.125,0.25
headius/ruby-atomic,29.34546667,17,0.058823529,0
headius/thread_safe,112.70406,37,0.513513514,0.054054054
heartrails/rails4-example,1.63262,10,0.3,0
heavenstudio/pag_seguro,59.6967,1,1,0
Helabs/pah,30.43642976,280,0.085714286,0.046428571
helios-technologies/skeleton-rails,445.6092,4,0.25,0
helmetjs/hsts,80.62626,16,0.0625,0.1875
helpyio/helpy,21.567308,156,0.08974359,0
heroku/databasedotcom,94.39358889,56,0.035714286,0.035714286
heroku/heroku-buildpack-ruby,215.6903444,203,0.285714286,0.078817734
heroku/rack-timeout,180.742913,105,0.095238095,0.047619048
heroku/rails_12factor,32.37475,15,0.333333333,0.266666667
heroku/rails_stdout_logging,33.145775,29,0.482758621,0.034482759
hi-ogawa/wordCollector,21.0304,6,0.166666667,0
Hobo/hobo,88.22720833,22,0.090909091,0.227272727
HollowEarthRadio/lpfm-website,0.0121,5,0.2,0
honeybadger-io/honeybadger-ruby,52.66504545,33,0.242424242,0
hooopo/second_level_cache,254.38982,7,0.142857143,0
houndci/hound,69.31493854,590,0.088135593,0.379661017
huacnlee/rails-settings-cached,53.57407143,25,0.12,0
huerlisi/bookyt,155.137025,17,0.058823529,0.117647059
hummingbird-me/hummingbird,56.1653125,144,0.034722222,0.006944444
huydx/facy,4.357075,4,0.25,0.25
hwproj/hwproj,19.69783333,12,0.083333333,0.083333333
hyperoslo/mingle,83.73017143,16,0.25,0
hyperoslo/singleton-rails,117.2737,3,0.333333333,0
hzamani/acts_as_relation,174.07905,12,0.416666667,0
ibmdb/ruby-ibmdb,137.4766286,21,0.095238095,0
ifad/chronomodel,78.37756667,8,0.125,0
IFTTT/polo,8.89304,31,0.064516129,0.032258065
igrigorik/em-synchrony,133.6204556,64,0.1875,0.0625
IIC2233-2016-1/syllabus,3.1753938,172,0.005813953,0.011627907
iiirc/iiirc,57.61619231,54,0.055555556,0.055555556
indirect/haml-rails,36.71845,29,0.344827586,0
influitive/apartment,50.97878,123,0.146341463,0.032520325
influxdata/influxdb-rails,104.67955,15,0.4,0
influxdata/influxdb-ruby,36.98976429,58,0.120689655,0.120689655
Ink/filepicker-rails,75.15504,52,0.038461538,0.038461538
innoq/iqvoc,119.1617485,74,0.094594595,0.027027027
inossidabile/protector,0.0161,17,0.176470588,0.058823529
instructure/canvas-lms,279.1281232,146,0.04109589,0.075342466
integrallis/stripe_event,16.21623333,41,0.097560976,0
intercom/intercom-rails,112.74087,75,0.04,0.013333333
intridea/multi_json,54.64334,84,0.404761905,0.083333333
intridea/oauth2,69.54605,53,0.094339623,0.094339623
isaacs/github,167.743081,448,0.060267857,0.185267857
ivaldi/brimir,13.76751538,38,0.157894737,0.052631579
ixti/redmine_tags,172.99529,59,0.050847458,0.118644068
iZettle/api-model,11.3429,1,1,0
jackc/edge,253.8387,4,0.5,0
jackc/tod,156.9253667,9,0.222222222,0.111111111
JackDanger/permanent_records,33.36445,23,0.086956522,0.043478261
jalkoby/squasher,0.81225,6,0.166666667,0
JangoSteve/remotipart,169.89332,70,0.114285714,0.014285714
janlelis/irbtools,136.2303,6,0.333333333,0.5
jashkenas/backbone,27.1018994,2184,0.023809524,0.113095238
jashkenas/underscore,25.38067386,1336,0.035928144,0.112275449
jashmenn/activeuuid,115.9762,26,0.076923077,0
jasmine/jasmine-gem,122.9804737,64,0.109375,0.375
JasonBarnabe/greasyfork,55.18200106,151,0.046357616,0.317880795
jasonlong/geo_pattern,8.19786667,21,0.047619048,0
jbox-web/redmine_git_hosting,42.60432917,206,0.038834951,0.077669903
jch/html-pipeline,60.42692,150,0.166666667,0.113333333
jdickey/new_poc,20.82633243,599,0.026711185,0.030050083
jejacks0n/teaspoon,60.44108889,312,0.112179487,0.086538462
jekyll/jekyll-assets,92.31831628,100,0.03,0.19
jekyll/jekyll-import,189.9565655,114,0.026315789,0.228070175
jenseng/hair_trigger,3.76576667,8,0.25,0
jeremyevans/sequel,0.60316,83,0.168674699,0.084337349
jfirebaugh/konacha,35.55498421,107,0.158878505,0.242990654
jimweirich/builder,147.45412,14,0.5,0.142857143
jimweirich/rake,107.3000348,61,0.213114754,0
jipiboily/monologue,82.14377692,70,0.128571429,0.085714286
jjbohn/omniauth-openid-connect,97.09212,27,0.148148148,0.074074074
jlindsey/semantic,308.2595667,5,0.2,0
jmazzi/crypt_keeper,86.24212778,52,0.096153846,0.038461538
jmettraux/rufus-scheduler,7.53473333,44,0.136363636,0.022727273
jneen/rouge,123.9824406,196,0.076530612,0.045918367
jnicklas/capybara,105.7158969,509,0.143418468,0.05697446
jnunemaker/flipper,80.76775294,75,0.066666667,0.013333333
jnunemaker/httparty,259.94494,132,0.053030303,0.060606061
johnotander/deckorator,15.7161,13,0.076923077,0
joliss/jquery-ui-rails,118.0860727,40,0.325,0.075
jondot/sneakers,259.6787316,85,0.023529412,0.082352941
jonleighton/focused_controller,84.5479,5,0.4,0.2
jonleighton/spring-watcher-listen,62.58175,12,0.75,0.083333333
jordansissel/fpm,169.7446918,448,0.015625,0.053571429
jorgemanrubia/mailgun_rails,48.84903333,26,0.153846154,0.038461538
josevalim/inherited_resources,146.0054143,104,0.336538462,0
josevalim/rails-footnotes,222.2913,26,0.192307692,0.038461538
joshsoftware/code-curiosity,46.81106667,52,0.076923077,0.153846154
jpdesigndev/spree_asset_variant_options,1.183,2,0.5,0
jquery/jquery,55.22572976,1870,0.006951872,0.14171123
jruby/activerecord-jdbc-adapter,103.4368337,277,0.187725632,0.028880866
jruby/jruby,114.8733766,1781,0.133632791,0.08983717
jruby/jruby-rack,41.46457143,84,0.297619048,0.071428571
jruby/warbler,347.9976231,180,0.272222222,0.033333333
jruby-gradle/jruby-gradle-plugin,22.33316087,110,0.045454545,0.054545455
json-api/json-api,98.66829261,1014,0.012820513,0.019723866
JuanitoFatas/fast-ruby,28.09846667,22,0.181818182,0
julianguyen/ifme,53.40663929,97,0.051546392,0.010309278
justinfrench/formtastic,156.6524181,322,0.124223602,0.00931677
jwhitley/requirejs-rails,93.22924167,139,0.071942446,0.014388489
jwt/ruby-jwt,20.96688333,52,0.057692308,0.134615385
ka8725/migration_data,75.0063,4,0.25,0
kavkaz/js_assets,0.065,4,0.25,0
kenn/slavery,5.33,2,1,0
kennethreitz/requests,50.60073575,1992,0.002008032,0.117971888
kern/minitest-reporters,46.38439474,53,0.150943396,0.018867925
KineticCafe/marlowe,230.9666,2,0.5,0
KKBOX/FireApp,190.5347088,58,0.137931034,0.275862069
kollegorna/active_hash_relation,3.7508,5,0.2,0
kostia/jquery-minicolors-rails,3.36355,4,0.5,0.25
kpumuk/meta-tags,216.4566909,46,0.173913043,0.043478261
krhorst/active_admin_importable,0.8061,4,0.25,0
krisleech/wisper-activerecord,27.5435,5,0.2,0
laravel/framework,29.09595622,5616,0.010683761,0.068376068
lardawge/carrierwave_backgrounder,73.36445,67,0.223880597,0
laserlemon/figaro,44.06433478,88,0.068181818,0.011363636
lautis/uglifier,35.746075,31,0.322580645,0.35483871
leikind/wice_grid,78.87241875,35,0.114285714,0.057142857
lgromanowski/letsencrypt-plugin,18.15716667,13,0.153846154,0.076923077
linuxfoundation/cii-best-practices-badge,52.03534603,165,0.060606061,0.084848485
littlebtc/font-awesome-sass-rails,6.7474,18,0.333333333,0.111111111
Locale/localeapp,79.04183846,52,0.269230769,0.019230769
locaweb/locawebstyle,17.1739383,402,0.007462687,0.002487562
locomotivecms/engine,131.1990991,199,0.08040201,0.125628141
loicteixeira/kudos,1.8969,3,0.333333333,0
Lordnibbler/railsblog,46.46072727,16,0.125,0
lostisland/faraday,199.4814618,312,0.080128205,0.115384615
lostisland/faraday_middleware,15.2381,68,0.132352941,0.176470588
lucaspiller/plain-david,24.2909,3,0.333333333,0
m4i/omniauth-runkeeper,309.1398,3,0.333333333,0
maclover7/trix,92.8735,7,0.142857143,0
macournoyer/thin,172.5845652,63,0.444444444,0.031746032
Macrow/rails_kindeditor,113.83318,6,0.5,0.166666667
magnusvk/counter_culture,75.244925,24,0.25,0.083333333
makandra/active_type,78.80881429,15,0.066666667,0
ManageIQ/linux_admin,301.9504857,48,0.1875,0.020833333
ManageIQ/manageiq,53.23446059,7493,0.0304284,0.038969705
ManageIQ/manageiq.org,229.7864353,113,0.10619469,0.026548673
ManageIQ/manageiq-providers-amazon,49.5347,64,0.71875,0
ManageIQ/miq_bot,82.80685833,100,0.27,0.18
ManageIQ/polisher,4.5839,41,0.048780488,0
Mange/roadie-rails,38.59188889,34,0.088235294,0.029411765
marcandre/swf_fu,4.2952,1,1,0
mark/shard,0.0111,4,0.75,0
markevans/dragonfly-s3_data_store,176.93365,8,0.125,0.75
mattbrictson/rails-template,133.6743,1,1,0
mattes/migrate,35.27116364,58,0.034482759,0.103448276
matthuhiggins/foreigner,39.83710833,24,0.291666667,0.041666667
mattolson/heroku_rails_deflate,102.58465,7,0.428571429,0
mavenlink/brainstem,41.33786667,23,0.217391304,0
maxrossello/redmine_app_timesheets,10.00225714,18,0.055555556,0
MayOneUS/mayday-2.0-backend,54.84915,7,0.142857143,0
mbasset/project_overview,394.1621,3,0.333333333,0
mbj/mutant,138.365275,232,0.051724138,0.068965517
mbleigh/acts-as-taggable-on,230.8194146,187,0.090909091,0.021390374
mbleigh/princely,516.59875,6,0.166666667,0.166666667
mbleigh/seed-fu,61.70885,28,0.107142857,0
mceachen/closure_tree,47.03498571,52,0.153846154,0
mdeering/attribute_normalizer,260.7366154,24,0.083333333,0.041666667
MeinGrundeinkommen/meingrundeinkommen,8.37802857,18,0.055555556,0
merit-gem/merit,18.09731765,139,0.028776978,0.402877698
metaminded/tabulatr2,8.1249,10,0.3,0.2
metaskills/less-rails,89.62926333,83,0.13253012,0.144578313
metaskills/minitest-spec-rails,95.87982857,21,0.285714286,0.047619048
metaskills/store_configurable,0.1512,5,0.2,0
mewlist/sengiri,322.0083,5,0.4,0
mhfs/devise-async,150.6608818,36,0.222222222,0.027777778
michaelkirk/household-account-mgmt,18.9915,1,1,0
michelson/lazy_high_charts,139.78545,36,0.027777778,0.055555556
Microsoft/BashOnWindows,26.74555575,1035,0.01352657,0.057004831
middleman/middleman,75.8096382,674,0.096439169,0.111275964
mikamai/akamai_api,0.0365,4,0.25,0.25
mikel/mail,278.0609911,382,0.081151832,0.023560209
mikepmunroe/games_filter,17.9019,3,1,0
mileszs/wicked_pdf,50.85833043,144,0.041666667,0.118055556
MineList/Issues,5.01866364,13,0.076923077,0
MiniProfiler/rack-mini-profiler,88.87153333,115,0.104347826,0.017391304
ministryofjustice/advocate-defence-payments,2.57126667,49,0.06122449,0.040816327
mirakui/activerecord-mysql-index-hint,0.8252,4,0.5,0
mirego/activerecord_sane_schema_dumper,0.1835,3,0.666666667,0
mislav/will_paginate,220.8565464,115,0.226086957,0.026086957
mloughran/em-hiredis,344.4203,4,0.25,0
mohitjain/social-login-in-rails,67.6738,1,1,0
moiristo/deep_cloneable,179.970125,12,0.166666667,0.083333333
mollie/mollie-api-ruby,93.65235,21,0.047619048,0
mongomapper/mongomapper,200.3292111,124,0.040322581,0.298387097
monterail/guidelines,50.22108,46,0.173913043,0.152173913
mpapis/rubygems-bundler,77.5777625,11,0.818181818,0.090909091
mperham/sidekiq,28.35693436,615,0.204878049,0.079674797
mrkamel/search_cop,1.75176667,4,0.5,0
mrkplt/time_jawn,207.1482,2,0.5,0
mwanji/jscolor-rails,2.0402,2,1,0
mykewould/crutches,28.28090588,52,0.019230769,0.019230769
mysociety/alaveteli,206.7573145,2082,0.014889529,0.073967339
n8/multi_fetch_fragments,10.1458,13,0.461538462,0
namick/obfuscate_id,148.2436,20,0.05,0.1
nathanl/authority,52.57973571,25,0.08,0.04
natritmeyer/site_prism,98.3531,55,0.236363636,0.054545455
ndbroadbent/turbo-sprockets-rails3,11.65326,34,0.352941176,0.088235294
neo4jrb/neo4j,74.53073115,398,0.027638191,0.125628141
neovim/neovim,67.66118449,5774,0.003117423,0.069795636
nesquena/rabl,61.73338929,262,0.133587786,0.015267176
net-ssh/net-scp,45.65185,6,0.5,0.333333333
nikolas/github-drama,0.2138,11,0.818181818,0.181818182
nmattisson/HttpClient,139.6404333,4,0.25,0
nmoadev/TeamMachineAPI,7.825,1,1,0
nodemailer/nodemailer,28.75513889,81,0.012345679,0.432098765
norman/friendly_id,77.0733383,153,0.163398693,0
notdryft/facial,1.0656,2,0.5,0
nov/json-jwt,8.60466,10,0.6,0.1
nviennot/nobrainer,22.92527333,51,0.37254902,0.039215686
oelmekki/activerecord_any_of,33.49195,23,0.086956522,0.043478261
ohler55/oj,48.14106389,61,0.213114754,0.081967213
olbrich/ruby-units,264.9129286,31,0.096774194,0
olivierlacan/ask,599.7139,1,1,0
onomojo/i18n-timezones,14.916,2,0.5,0.5
ontohub/ontohub,172.2455098,1167,0.007712082,0.046272494
opal/opal,130.326629,618,0.021035599,0.108414239
opal/opal-rails,151.38336,32,0.28125,0.25
openaustralia/morph,97.38474268,410,0.02195122,0.043902439
openfoodfoundation/ofn-install,172.79276,14,0.071428571,0.142857143
openstax/tutor-server,36.28113846,276,0.007246377,0.130434783
openstreetmap/openstreetmap-website,51.41351318,521,0.011516315,0.147792706
openSUSE/open-build-service,54.25749652,374,0.016042781,0.061497326
openSUSE/osem,98.9487296,660,0.031818182,0.007575758
ophrescue/RescueRails,173.3384177,68,0.014705882,0.014705882
OregonDigital/oregondigital,112.6159652,386,0.010362694,0.020725389
orgsync/active_interaction,51.94788313,337,0.056379822,0.002967359
orslumen/record-cache,383.5332,20,0.05,0
padrino/padrino-framework,158.7162825,733,0.068212824,0.06957708
panterch/future_kids,52.0029,11,0.363636364,0
parndt/seo_meta,0.0411,4,0.5,0
pascalh1011/migrant,0.15003333,10,0.3,0
pat/combustion,164.4828,14,0.285714286,0.071428571
pat/thinking-sphinx,26.71663953,90,0.055555556,0.066666667
pathwaysmedical/frasernw,160.0639031,85,0.058823529,0.011764706
paulasmuth/fnordmetric,37.01917143,48,0.041666667,0.020833333
PecanProject/bety,116.9828563,188,0.010638298,0.095744681
pentoo/pentoo-overlay,3.08619667,44,0,0.204545455
PerfectlyNormal/highcharts-rails,0.3363,4,0.25,0.25
petergoldstein/dalli,230.2903648,259,0.069498069,0.015444015
peterkeen/payola,72.8492,81,0.049382716,0.012345679
pgeraghty/sidekiq_send_mail,2.2636,5,0.8,0
pglombardo/PasswordPusher,318.113875,10,0.2,0
phallstrom/el_finder,215.96035,5,0,0.2
philosophie/suspenders,19.2282,46,0.065217391,0
phoenixframework/phoenix,18.65573214,497,0.048289738,0.173038229
phstc/shoryuken,42.90363939,134,0.104477612,0.029850746
phusion/passenger,21.84276176,654,0.055045872,0.051987768
pilwon/node-ultimate,1.41943333,10,0.1,0.2
plataformatec/devise,25.29579435,705,0.141843972,0.041134752
plataformatec/faraday-http-cache,129.3379455,33,0.121212121,0
plataformatec/mail_form,67.57476667,8,0.125,0.125
plataformatec/responders,29.03993333,40,0.325,0
plataformatec/simple_form,68.93331321,373,0.144772118,0.056300268
plentz/lol_dba,191.2808826,49,0.020408163,0
pluginaweek/state_machine,126.0027059,67,0.149253731,0.029850746
pmq20/rails-diff-track4,0.1081,1,1,0
podio/podio-rb,74.24473333,5,0.2,0
pophealth/popHealth,24.67002,32,0.21875,0.0625
potomak/tomatoes,341.7031688,77,0.051948052,0.051948052
presidentbeef/brakeman,98.08914872,321,0.049844237,0.080996885
procore/registrar,9.21256667,11,0.090909091,0
projectblacklight/blacklight,119.1974744,360,0.105555556,0.052777778
projectblacklight/blacklight_advanced_search,292.81585,14,0.285714286,0.071428571
projectblacklight/spotlight,40.45946704,723,0.05670816,0.030428769
projecthydra/active_fedora,55.48422206,295,0.091525424,0.088135593
projecthydra/curation_concerns,29.9355988,452,0.207964602,0.084070796
projecthydra/hydra-head,45.1232,79,0.291139241,0.063291139
projecthydra/sufia,55.9672472,1542,0.094033722,0.055771725
prometheus/promdash,63.83241493,258,0.011627907,0.050387597
propedeutica/lastablas,0.6365,30,0.033333333,0.033333333
pry/pry,111.204932,459,0.108932462,0.11546841
publify/publify,135.912975,207,0.009661836,0.009661836
puhsh/puhsh,0.69767778,13,0.076923077,0
puma/puma,116.6856847,482,0.165975104,0.031120332
pwnall/igor,15.199975,33,0.060606061,0.393939394
pyromaniac/active_data,58.46995,4,0.25,0
python/mypy,128.2504951,1661,0.001806141,0.133654425
qbwc/qbwc,145.2368556,58,0.051724138,0.327586207
QueueClassic/queue_classic,67.7788875,145,0.068965517,0.103448276
QutBioacoustics/baw-server,122.7483392,150,0.013333333,0.04
r888888888/danbooru,97.3020711,874,0.00228833,0.004576659
rack/rack,78.23791719,367,0.231607629,0.027247956
rack/rack-contrib,743.85072,56,0.089285714,0.035714286
radiant/radiant,78.06189091,30,0.166666667,0.133333333
rails/actioncable-examples,57.6285,8,0.375,0
rails/actionpack-xml_parser,1.1212,4,1,0
rails/activejob,5.60421667,42,0.047619048,0.023809524
rails/activerecord-deprecated_finders,304.7369,14,0.571428571,0.071428571
rails/activerecord-session_store,167.7246556,54,0.314814815,0
rails/activeresource,143.43472,76,0.210526316,0
rails/arel,138.2078619,159,0.352201258,0.031446541
rails/cache_digests,31.459825,34,0.235294118,0
rails/coffee-rails,144.7789375,24,0.666666667,0.125
rails/execjs,206.04935,18,0.444444444,0.055555556
rails/globalid,14.00905714,46,0.152173913,0
rails/homepage,0.8182,21,0.095238095,0
rails/jbuilder,52.41943333,116,0.284482759,0
rails/journey,91.47835556,36,0.444444444,0.027777778
rails/jquery-rails,27.17284,61,0.295081967,0.049180328
rails/jquery-ujs,49.6030641,151,0.21192053,0.079470199
rails/protected_attributes,91.69265,44,0.204545455,0
rails/rails,95.20441644,12925,0.104216634,0.004951644
rails/rails-controller-testing,112.9817667,6,0.333333333,0
rails/rails-dev-box,31.5205,23,0.304347826,0
rails/rails-dom-testing,4.420525,18,0.111111111,0
rails/rails-html-sanitizer,90.41879,37,0.378378378,0
rails/rails-observers,2.43433333,25,0.28,0.04
rails/rails-perftest,4.245725,9,0.555555556,0.111111111
rails/record_tag_helper,56.1227,5,0.2,0
rails/sass-rails,128.3669141,189,0.470899471,0.005291005
rails/spring,37.029608,258,0.224806202,0.054263566
rails/sprockets,96.50250152,279,0.336917563,0.025089606
rails/sprockets-rails,73.44500656,268,0.51119403,0.026119403
rails/strong_parameters,43.20846429,89,0.247191011,0.04494382
rails/web-console,67.57696842,104,0.25,0
rails-api/active_model_serializers,105.6669683,1920,0.066145833,0.020833333
rails-api/rails-api,99.558425,71,0.197183099,0.056338028
RailsApps/rails_apps_composer,109.6763029,85,0.352941176,0.129411765
RailsApps/rails3-devise-rspec-cucumber,51.73055,11,0.727272727,0.272727273
RailsApps/rails-composer,87.73175946,69,0.376811594,0.260869565
railsmachine/shadow_puppet,326.5073833,10,0.1,0
rails-sqlserver/activerecord-sqlserver-adapter,171.6166654,196,0.147959184,0.142857143
railstutorial/sample_app_2nd_ed,1.39405,3,0.333333333,0.333333333
railsware/js-routes,72.7156619,87,0.08045977,0
rapid7/metasploit-framework,68.7640354,3796,0.002897787,0.140147524
rbCAS/CASino,37.74549333,54,0.111111111,0.055555556
rdoc/rdoc,65.76505455,102,0.264705882,0.019607843
ReadyResponder/ReadyResponder,163.7661149,192,0.036458333,0.020833333
recurly/recurly-client-ruby,97.58236429,90,0.033333333,0
redconfetti/battleship,1.6803,9,0.111111111,0.111111111
redis/redis-rb,39.27717222,202,0.03960396,0.103960396
redis-store/redis-activesupport,193.98635,37,0.054054054,0.027027027
refinery/refinerycms,53.86802121,719,0.077885953,0.058414465
reidmorrison/symmetric-encryption,4.289,1,1,0
remiprev/her,86.34924375,149,0.026845638,0
remote-wind/remote-wind,142.4343294,43,0.069767442,0
renemeye/pr3zale,71.2772,1,1,0
resgraph/acts-as-dag,675.8009,8,0.25,0.125
resque/resque,241.190955,608,0.047697368,0.049342105
rest-client/rest-client,320.301946,237,0.050632911,0.029535865
restful-routing/restful-routing,92.0086,11,0.090909091,0.090909091
retext-project/retext,663.6375889,20,0.05,0.25
rethinkdb/rethinkdb,86.32526248,5153,0.001746555,0.045992626
rgeo/activerecord-postgis-adapter,167.8724455,93,0.096774194,0.086021505
rharriso/bower-rails,42.49721923,86,0.081395349,0.255813953
riseuplabs/crabgrass-core,131.41465,116,0.025862069,0
rizumita/Safari2Tweetbot,0.203,1,1,0
robertomiranda/has_secure_token,5.0356,12,0.75,0
rocketjob/rails_semantic_logger,61.7089,1,1,0
roidrage/lograge,246.7114313,64,0.09375,0.015625
roidrage/redis-session-store,7.1648,19,0.105263158,0.052631579
RolifyCommunity/rolify,96.95756078,132,0.053030303,0.098484848
rollbar/rollbar-gem,130.5182326,171,0.058479532,0.011695906
rosenfeld/active_record_migrations,0.1996,3,0.666666667,0
rosenfeld/sequel-devise,0.2567,3,0.666666667,0
rowland/activerecord-fb-adapter,30.66438,15,0.2,0.2
rpush/rpush,83.0739375,91,0.087912088,0.307692308
rsim/oracle-enhanced,148.8484924,585,0.251282051,0.013675214
rspec/rspec-core,88.68922207,1430,0.144055944,0.031468531
rspec/rspec-expectations,70.58452612,559,0.236135957,0.021466905
rspec/rspec-mocks,59.61488793,768,0.151041667,0.016927083
rspec/rspec-rails,73.274759,756,0.347883598,0.027777778
rtomayko/rack-cache,178.4252833,46,0.217391304,0.043478261
rubinius/rubinius,109.384615,949,0.159114858,0.08113804
ruby/psych,83.95067955,206,0.189320388,0.058252427
ruby/rake,84.31780833,72,0.444444444,0
ruby-bench/ruby-bench-web,25.268,26,0.038461538,0.038461538
rubycentral/cfp-app,132.1085,12,0.25,0
ruby-china/homeland,151.4967917,143,0.048951049,0.202797203
ruby-concurrency/concurrent-ruby,65.07747778,559,0.064400716,0.048300537
rubygems/guides,104.1896625,56,0.446428571,0.107142857
rubygems/rubygems,154.872615,749,0.217623498,0.053404539
rubygems/rubygems.org,275.5046729,696,0.100574713,0.047413793
ruby-grape/grape,106.4043887,1895,0.04591029,0.030079156
ruby-grape/grape-entity,90.46533333,141,0.134751773,0.078014184
RubyMoney/money,22.06811951,190,0.131578947,0.031578947
RubyMoney/money-rails,48.48778125,123,0.146341463,0.040650407
rubymotion/motion-support,104.2746,15,0.466666667,0.133333333
rubymotion/sugarcube,37.96047,22,0.136363636,0.090909091
rubynoname/ShowNotes,6.2571,2,0.5,0
ruby-rdf/rdf,54.75045,90,0.144444444,0.188888889
rubysec/ruby-advisory-db,138.7189214,95,0.178947368,0.157894737
rubysherpas/forem,72.30289595,261,0.038314176,0.295019157
rubysherpas/paranoia,127.0370688,193,0.165803109,0.18134715
rubytaiwan/AMA,3.3106,8,0.5,0.125
rubytaiwan/rubytw-reboot,1.4428,31,0.064516129,0
rubyworks/tapout,2.8026,3,0.666666667,0
ruvetia/ruvetia.org,9.87026,10,0.1,0
rvm/rvm,34.90331104,2151,0.062761506,0.063691306
ryanb/cancan,180.7994109,403,0.049627792,0.004962779
salsify/goldiloader,94.49349091,32,0.40625,0
SamSaffron/MiniProfiler,114.9846167,26,0.115384615,0.038461538
sanemat/actionview-link_to_blank,0.5405,8,0.125,0
sass/sass,54.69629065,2162,0.059666975,0.053654024
scambra/devise_invitable,29.929482,91,0.164835165,0.010989011
SchemaPlus/schema_monkey,157.95145,9,0.444444444,0.111111111
SchemaPlus/schema_plus,83.20245769,85,0.176470588,0.176470588
SchemaPlus/schema_plus_core,96.23805,15,0.4,0.066666667
SchemaPlus/schema_validations,288.800225,23,0.347826087,0.086956522
schneems/maildown,326.4798667,9,0.111111111,0.111111111
schneems/puma_worker_killer,9.71053333,25,0.28,0.16
schneems/sextant,10.27524,10,0.4,0
schneems/wicked,152.6528737,42,0.047619048,0
scholarslab/prism,27.38519474,25,0.16,0
SciRuby/nmatrix,57.95642985,306,0.013071895,0.026143791
scottohara/loot,141.2628583,23,0.173913043,0.47826087
SCPR/SCPRv4,53.85615,159,0.012578616,0.094339623
seamusabshere/upsert,151.51004,37,0.054054054,0.054054054
searls/jasmine-rails,151.4494125,94,0.095744681,0.180851064
seattlerb/minitest,81.9501561,135,0.125925926,0.111111111
seattlerb/minitest-focus,507.2158,4,0.75,0
seejohnrun/ice_cube,140.5373821,117,0.025641026,0.085470085
seiyanuta/busybook,27.0793,1,1,0
SeleniumHQ/selenium,35.2531876,652,0.01993865,0.219325153
seyhunak/twitter-bootstrap-rails,232.5969688,280,0.089285714,0.160714286
sferik/rails_admin,144.673317,708,0.111581921,0.016949153
sferik/twitter,25.77925,200,0.065,0.17
shakacode/react_on_rails,37.68782927,344,0.156976744,0.113372093
shakacode/react-webpack-rails-tutorial,49.6822875,192,0.1875,0.1875
sharetribe/sharetribe,53.23659615,294,0.054421769,0.037414966
shirasagi/shirasagi,22.03060159,260,0.030769231,0.003846154
Shopify/embedded-app-example,3.9602,14,0.428571429,0
Shopify/identity_cache,117.48415,132,0.090909091,0.015151515
Shopify/shipit-engine,74.666122,292,0.023972603,0.205479452
Shopify/shopify_api,137.7359286,72,0.194444444,0.069444444
Shopify/shopify_app,75.43937353,134,0.119402985,0.037313433
Shopify/structured-event-logger,0.0161,2,0.5,0
Shopify/twine,226.8889,27,0.074074074,0
sijbrandij/railsgirls-nl,0.0141,8,0.125,0
simi/mongoid_paranoia,44.638175,23,0.260869565,0.130434783
sinatra/rack-protection,265.7150917,46,0.304347826,0.130434783
sinatra/sinatra,86.4106038,314,0.171974522,0.079617834
sindresorhus/generator-nm,54.29204,48,0.083333333,0.5
skylightio/skylight-ruby,90.23755714,17,0.176470588,0.294117647
skywinder/github-changelog-generator,42.73677551,234,0.02991453,0.226495726
slim-template/slim,71.87096528,164,0.164634146,0.152439024
slim-template/slim-rails,49.48203333,29,0.24137931,0.034482759
smartinez87/exception_notification,209.9060636,107,0.102803738,0.009345794
smashingboxes/boxcar,10.8937,4,0.25,0
smison/habits,0.4277,2,1,0
Snorby/snorby,213.8020421,50,0.02,0.02
sodabrew/puppet-dashboard,33.32682,80,0.0875,0.1
sodabrew/puppet-dashboard-wip,1.2969,2,1,0
softace/activerecord-tableless,0.55345,9,0.333333333,0.111111111
solidusio/solidus,36.18593415,917,0.100327154,0.030534351
sonots/activerecord-refresh_connection,3.0406,3,0.333333333,0
souche-hero/ruby-daily,6.013325,5,0.8,0
sparklemotion/nokogiri,188.9764073,499,0.106212425,0.082164329
sparklemotion/sqlite3-ruby,86.04366563,125,0.176,0.024
SpartaHack/SpartaHack-Website,0.5769,43,0.023255814,0
splitrb/split,266.4301638,152,0.013157895,0.105263158
sporkmonger/addressable,145.5379588,68,0.073529412,0.176470588
sporkrb/spork,39.37807143,38,0.342105263,0.263157895
sportngin/hubstats,1.8147,9,0.333333333,0
sportngin/okcomputer,66.87009231,56,0.071428571,0
spree/deface,94.8704375,48,0.229166667,0.041666667
spree/spree,51.6061083,2451,0.077927377,0.041615667
spree/spree_auth_devise,56.75311429,100,0.31,0.03
spree-contrib/spree_i18n,49.41673333,163,0.214723926,0.171779141
spree-contrib/spree_social,36.97101667,41,0.195121951,0.146341463
spree-contrib/spree_static_content,45.03822143,50,0.16,0.16
spree-contrib/spree_store_credits,35.43296667,13,0.307692308,0.076923077
spree-contrib/spree_wishlist,14.3612,19,0.315789474,0.157894737
spring-projects/spring-security,202.4366246,1077,0.000928505,0.076137419
sstephenson/execjs,199.79095,56,0.267857143,0.125
sstephenson/sprockets,80.04192473,238,0.445378151,0.092436975
state-machines/state_machines-activerecord,14.604875,23,0.217391304,0.217391304
stefankroes/ancestry,520.4041,58,0.068965517,0
stefanpenner/ember-inflector,8.90642,15,0.2,0.666666667
straydogstudio/axlsx_rails,106.9668857,13,0.076923077,0.307692308
stripe/stripe-ruby,77.16724259,246,0.036585366,0.044715447
strongqa/howitzer,48.1315,14,0.142857143,0
studentinsights/studentinsights,22.65845138,684,0.005847953,0.013157895
stylish-userstyles/userstyles,111.86705,30,0.233333333,0.7
subvisual/council,122.70306,37,0.027027027,0.351351351
sul-dlss/argo,32.94396364,530,0.018867925,0.064150943
sul-dlss/dor-workflow-service,5.8379,13,0.076923077,0
SumOfUs/Champaign,7.9187,52,0.115384615,0.211538462
sunlightlabs/opencongress,18.52812,27,0.037037037,0.222222222
sunspot/sunspot,192.1194913,199,0.055276382,0.070351759
Sutto/rocket_pants,79.01456667,18,0.222222222,0
svenfuchs/i18n,628.7641207,99,0.191919192,0.070707071
svenfuchs/rails-i18n,191.4914046,98,0.193877551,0.040816327
svenfuchs/routing-filter,45.47295,13,0.153846154,0
swanandp/acts_as_list,445.1367423,108,0.064814815,0.018518519
swanson/stringer,98.17442931,173,0.057803468,0.057803468
symfony/symfony,122.4638472,16396,0.004086363,0.055867285
tbalthazar/admin_security,0.0421,1,1,0
tcocca/acts_as_follower,216.7834,24,0.041666667,0.041666667
teampoltergeist/poltergeist,243.5257423,421,0.244655582,0.083135392
technicalpickles/pager_duty-connection,149.66415,15,0.066666667,0
techvision/waiable,0.0676,2,1,0
tenderlove/racc,118.83298,23,0.043478261,0.130434783
tenex/rails-assets,44.3091,160,0.18125,0.23125
testdouble/feedback,86.843475,5,0.2,0.8
test-kitchen/kitchen-digitalocean,28.8339,9,0.222222222,0.222222222
textacular/textacular,85.37802667,59,0.101694915,0.016949153
TGAC/brassica,37.67183627,464,0.002155172,0.019396552
tgriesser/knex,82.78324428,879,0.005688282,0.205915813
thebeansgroup/mail_pipes,31.80936364,20,0.05,0.3
thedarkone/rails-dev-boost,426.3603,10,0.4,0
theodi/member-directory,47.02794348,265,0.00754717,0.064150943
thesp0nge/dawnscanner,50.7485,24,0.083333333,0.166666667
the-teacher/the_comments,56.8484,11,0.909090909,0
the-teacher/the_role,198.9844,5,0.8,0
thewca/worldcubeassociation.org,65.79011298,758,0.013192612,0.170184697
thiagopradi/octopus,323.8596606,283,0.056537102,0.010600707
thibaudgg/rb-fsevent,67.1324625,22,0.272727273,0.227272727
Thibaut/devdocs,47.44186327,90,0.044444444,0.044444444
thorin/redmine_ldap_sync,17.88954643,41,0.024390244,0.097560976
thoughtbot/bourbon,73.29516017,346,0.089595376,0.095375723
thoughtbot/capybara-webkit,177.6071247,408,0.137254902,0.036764706
thoughtbot/clearance,67.15751094,195,0.107692308,0.025641026
thoughtbot/dotfiles,79.96140313,175,0.114285714,0.142857143
thoughtbot/ember-cli-rails,45.70878415,353,0.039660057,0.203966006
thoughtbot/factory_girl,122.7131374,211,0.142180095,0.018957346
thoughtbot/factory_girl_rails,104.6289267,53,0.264150943,0.075471698
thoughtbot/guides,134.1019333,131,0.190839695,0.183206107
thoughtbot/high_voltage,26.63642353,53,0.132075472,0.037735849
thoughtbot/laptop,62.33610317,235,0.080851064,0.153191489
thoughtbot/paperclip,184.5753023,802,0.038653367,0.05361596
thoughtbot/scenic,43.68616364,76,0.118421053,0.013157895
thoughtbot/shoulda,271.1916035,65,0.461538462,0
thoughtbot/shoulda-matchers,80.24575741,593,0.096121417,0.015177066
thoughtbot/suspenders,55.44300541,430,0.18372093,0.065116279
thredded/thredded,76.07622632,235,0.029787234,0.085106383
thuss/standalone-migrations,89.7009,40,0.15,0.05
tj/terminal-table,407.8612818,30,0.033333333,0.266666667
tleish/redmine_revision_branches,134.681,1,1,0
toland/patron,593.20286,34,0.058823529,0.058823529
tolk/tolk,102.5333222,37,0.108108108,0.027027027
tombenner/nested-hstore,13.83576667,5,0.8,0
tomchristie/django-rest-framework,63.86979085,2286,0.003937008,0.029746282
Tonkpils/double-redirect-rails-issue,0.1948,1,1,0
tonycoco/pusherable,237.4655,2,0.5,0.5
toptal/chewy,65.280144,90,0.055555556,0.011111111
tors/jquery-fileupload-rails,566.4216333,13,0.230769231,0.153846154
tpope/vim-rails,94.31394091,56,0.053571429,0.125
TracksApp/tracks,8.13726764,831,0.015643803,0.001203369
trailblazer/trailblazer,46.7662,57,0.140350877,0.385964912
travis-ci/apt-package-whitelist,19.90850249,2244,0.153743316,0.016488414
travis-ci/travis-ci,81.00995289,3332,0.087935174,0.284213685
travis-ci/travis-sso,6.9311,4,0.25,0.25
travisjeffery/timecop,97.92623636,66,0.045454545,0
triAGENS/guacamole,79.348575,65,0.030769231,0.046153846
trptcolin/consistency_fail,12.859675,14,0.071428571,0.071428571
tryshoppe/shoppe,70.59372424,78,0.064102564,0.064102564
tsechingho/chosen-rails,96.64761429,26,0.192307692,0.384615385
turbolinks/turbolinks,9.59537941,105,0.257142857,0.057142857
turbolinks/turbolinks-classic,35.70283821,704,0.014204545,0.049715909
turingschool/curriculum,50.33708333,72,0.097222222,0.208333333
twbs/bootstrap-sass,31.61417533,745,0.153020134,0.230872483
twitter/secureheaders,83.3465963,125,0.032,0.024
typhoeus/typhoeus,74.20179333,128,0.1171875,0.203125
typus/typus,189.9993133,55,0.054545455,0.163636364
tzinfo/tzinfo,48.97554,15,0.133333333,0.066666667
tzinfo/tzinfo-data,5.8637,2,1,0
Undev/redmine_elasticsearch,147.23175,12,0.083333333,0
usutani/lodge,30.2663,6,0,0.333333333
validator/validator,17.89610233,97,0.020618557,0.360824742
vigetlabs/gulp-rails-pipeline,78.4582,16,0.375,0
vigetlabs/sprig-reap,105.2505,14,0.142857143,0
vmcilwain/cnr,0.0169,1,1,0
waffletroop/waffle-test,26.7858,6,0.166666667,0
wanelo/counter-cache,0,1,1,0
whitequark/parser,32.26498684,92,0.282608696,0.032608696
whitequark/rack-utf8_sanitizer,74.14315,16,0.3125,0.0625
winston/rails_utils,1.38185,7,0.571428571,0.142857143
withassociates/slices,14.54925,47,0.085106383,0.021276596
wr0ngway/lumber,0.0072,2,0.5,0.5
wvanbergen/scoped_search,97.55076667,46,0.043478261,0
wycats/rack-offline,507.1557,7,0.142857143,0.142857143
xentek/dm-postgres-types,20.6802,2,0.5,0
YaleSTC/reservations,136.8977169,1917,0.014606155,0.008346375
YaleSTC/shifts,181.4110629,328,0.051829268,0.006097561
yasslab/railsguides.jp,22.56298182,76,0.157894737,0.039473684
yellow5/foreigner-matcher,0.101,3,0.333333333,0
yeoman/generator-webapp,37.92218947,224,0.0625,0.245535714
yesodweb/yesod-scaffold,111.5329429,52,0.019230769,0.461538462
yiisoft/yii,193.5277941,1893,0.004754358,0.028526149
yochiyochirb/kajaeru,14.11316667,187,0.032085561,0
yucao24hours/elt,19.43905,94,0.010638298,0.042553191
yuki24/rambulance,36.80545,2,0.5,0
zdennis/activerecord-import,272.5463526,186,0.069892473,0.005376344
zendesk/charcoal,2.5838,3,0.333333333,0
zendesk/samson,124.7375211,293,0.068259386,0.044368601
zeroclipboard/zeroclipboard-rails,70.17724,16,0.1875,0.4375
zipmark/rspec_api_documentation,259.2515389,64,0.0625,0.015625
zmbacker/enum_help,397.9283,5,0.6,0
zooniverse/Panoptes,33.17277971,1013,0.028627838,0.075024679
zzak/rdoc-rouge,333.226,2,0.5,0.5
zzak/sdoc,211.9063125,34,0.294117647,0.117647059
